Top pages,Clicks,Impressions,CTR,Position
https://toolpix.pythonanywhere.com/temp-mail,124578,2945509,4.23%,9.19
https://toolpix.pythonanywhere.com/convert-qr-to-url-online,52500,344859,15.22%,12.08
https://toolpix.pythonanywhere.com/,3085,20449,15.09%,26.4
https://toolpix.pythonanywhere.com/free-online-qr-code-scanner,2322,486516,0.48%,8.14
https://toolpix.pythonanywhere.com/10-minute-mail,2215,213770,1.04%,7.05
https://toolpix.pythonanywhere.com/greetings/eid,2157,50717,4.25%,6.73
https://toolpix.pythonanywhere.com/free-online-ai-html-editor,1051,40206,2.61%,7.49
https://toolpix.pythonanywhere.com/free-online-css-obfuscator,340,3495,9.73%,5.91
https://toolpix.pythonanywhere.com/image-editor/steganography,261,10210,2.56%,7.01
https://toolpix.pythonanywhere.com/free-online-favicon-generator,229,31094,0.74%,15.65
https://toolpix.pythonanywhere.com/free-online-js-obfuscator,200,10773,1.86%,9.1
https://toolpix.pythonanywhere.com/free-online-color-picker,192,59269,0.32%,12.77
https://toolpix.pythonanywhere.com/online-text-editor,183,13904,1.32%,23.82
https://toolpix.pythonanywhere.com/sql-editor,179,15338,1.17%,16.5
https://toolpix.pythonanywhere.com/css-obfuscator,146,1674,8.72%,6.27
https://toolpix.pythonanywhere.com/free-online-ai-cpp-compiler,124,6159,2.01%,11.86
https://toolpix.pythonanywhere.com/free-online-ai-python-compiler,123,7073,1.74%,7.68
https://toolpix.pythonanywhere.com/cpp-compiler,119,14666,0.81%,21.85
https://toolpix.pythonanywhere.com/free-online-todo-list,116,12604,0.92%,25
https://toolpix.pythonanywhere.com/free-online-stopwatch,104,9690,1.07%,21.11
https://toolpix.pythonanywhere.com/ai-online-compilers,95,9505,1%,7.81
https://toolpix.pythonanywhere.com/image-editor/collage-maker,88,32328,0.27%,32.06
https://toolpix.pythonanywhere.com/convert-url-to-qr-code-online,82,257025,0.03%,9.77
https://toolpix.pythonanywhere.com/change-email-address,80,2521,3.17%,7.8
https://toolpix.pythonanywhere.com/online-compilers,76,6653,1.14%,6.16
https://toolpix.pythonanywhere.com/utility-tools,73,6796,1.07%,3.68
https://toolpix.pythonanywhere.com/python-compiler,72,6097,1.18%,16.81
https://toolpix.pythonanywhere.com/free-online-ai-java-compiler,61,5334,1.14%,16.17
https://toolpix.pythonanywhere.com/free-online-markdown-editor,59,4712,1.25%,24.78
https://toolpix.pythonanywhere.com/free-online-svg-optimizer,57,5465,1.04%,8.67
https://toolpix.pythonanywhere.com/free-online-code-diff-tool,51,18874,0.27%,11.08
https://toolpix.pythonanywhere.com/aistudio/website-builder,49,716,6.84%,3.73
https://toolpix.pythonanywhere.com/blog/best-free-image-converters-online-2025,48,23878,0.2%,6.57
https://toolpix.pythonanywhere.com/blog/best-online-python-compilers-ai-2025,46,15583,0.3%,6.63
https://toolpix.pythonanywhere.com/aistudio,46,3231,1.42%,4.81
https://toolpix.pythonanywhere.com/free-online-image-cropper,45,14066,0.32%,35.37
https://toolpix.pythonanywhere.com/free-online-pomodoro-timer,45,4619,0.97%,36.56
https://toolpix.pythonanywhere.com/free-online-day-planner,44,4278,1.03%,35.75
https://toolpix.pythonanywhere.com/greetings/holi,44,1152,3.82%,6.26
https://toolpix.pythonanywhere.com/image-editor/size-increase,41,4531,0.9%,9.31
https://toolpix.pythonanywhere.com/blog/cpp-competitive-programming,39,11412,0.34%,8.48
https://toolpix.pythonanywhere.com/free-online-typing-speed-test,38,10009,0.38%,48.68
https://toolpix.pythonanywhere.com/java-compiler,35,11273,0.31%,37.78
https://toolpix.pythonanywhere.com/aistudio/code-generator,35,2058,1.7%,29
https://toolpix.pythonanywhere.com/c-compiler,32,17484,0.18%,39.31
https://toolpix.pythonanywhere.com/image-tools,32,15242,0.21%,6.73
https://toolpix.pythonanywhere.com/free-online-ai-c-compiler,30,6449,0.47%,37.82
https://toolpix.pythonanywhere.com/free-online-ai-javascript-compiler,28,2410,1.16%,21.61
https://toolpix.pythonanywhere.com/image-converter/jpg-to-png,24,9911,0.24%,53.04
https://toolpix.pythonanywhere.com/blog/json-vs-xml,20,23652,0.08%,9.4
https://toolpix.pythonanywhere.com/image-converter/png-to-jpg,20,19971,0.1%,11.81
https://toolpix.pythonanywhere.com/pdf-tools/online-pdf-maker,19,4712,0.4%,45.6
https://toolpix.pythonanywhere.com/free-online-base64-encoder,19,2429,0.78%,12
https://toolpix.pythonanywhere.com/pdf-tools/unlock-pdf,18,3863,0.47%,25.19
https://toolpix.pythonanywhere.com/free-online-ai-sql-editor,17,3027,0.56%,40.31
https://toolpix.pythonanywhere.com/greetings,16,954,1.68%,15.49
https://toolpix.pythonanywhere.com/image-editor/cropper,15,7758,0.19%,76.93
https://toolpix.pythonanywhere.com/free-online-background-remover,14,40069,0.03%,9.61
https://toolpix.pythonanywhere.com/blog/top-5-image-tools-for-developers,14,8806,0.16%,6.42
https://toolpix.pythonanywhere.com/coding-tools,14,2839,0.49%,8.71
https://toolpix.pythonanywhere.com/free-online-image-converter,14,2235,0.63%,21.59
https://toolpix.pythonanywhere.com/free-online-image-filters,14,1109,1.26%,22.45
https://toolpix.pythonanywhere.com/free-online-xml-beautifier,12,2498,0.48%,17.94
https://toolpix.pythonanywhere.com/image-editor/blur,10,2762,0.36%,33.47
https://toolpix.pythonanywhere.com/blog/convert-png-to-jpg-without-losing-quality,9,4649,0.19%,11.48
https://toolpix.pythonanywhere.com/free-online-regex-tester,9,3200,0.28%,16.08
https://toolpix.pythonanywhere.com/pdf-tools/compress-pdf,9,593,1.52%,26.91
https://toolpix.pythonanywhere.com/aistudio/grammar-fixer,9,592,1.52%,24
https://toolpix.pythonanywhere.com/greetings/anniversary,9,514,1.75%,6.46
https://toolpix.pythonanywhere.com/free-online-password-generator,8,14395,0.06%,69.52
https://toolpix.pythonanywhere.com/blog/webp-vs-jpeg-png,8,6605,0.12%,7.1
https://toolpix.pythonanywhere.com/about,8,1893,0.42%,4.53
https://toolpix.pythonanywhere.com/free-online-json-formatter,8,1859,0.43%,18.07
https://toolpix.pythonanywhere.com/free-online-image-editor,7,692,1.01%,36.58
https://toolpix.pythonanywhere.com/free-php-online-ai-compiler,7,379,1.85%,9.65
https://toolpix.pythonanywhere.com/pdf-tools/image-to-pdf,6,1466,0.41%,51.92
https://toolpix.pythonanywhere.com/image-editor/rotate-flip,6,676,0.89%,59.05
https://toolpix.pythonanywhere.com/contact,6,492,1.22%,6.63
https://toolpix.pythonanywhere.com/image-converter/any,6,348,1.72%,17.18
https://toolpix.pythonanywhere.com/image-editor/editor,6,139,4.32%,11
https://toolpix.pythonanywhere.com/pdf-tools/merge-pdf,4,23834,0.02%,7.18
https://toolpix.pythonanywhere.com/free-online-sql-formatter,4,2722,0.15%,30.7
https://toolpix.pythonanywhere.com/pdf-tools/protect-pdf,4,1816,0.22%,25.95
https://toolpix.pythonanywhere.com/pricing,4,1638,0.24%,5.3
https://toolpix.pythonanywhere.com/faq,4,1358,0.29%,5.13
https://toolpix.pythonanywhere.com/free-online-url-encoder-decoder,4,339,1.18%,7.83
https://toolpix.pythonanywhere.com/blog/sql-joins-visualized,4,304,1.32%,16.16
https://toolpix.pythonanywhere.com/pdf-tools,3,2333,0.13%,7.28
https://toolpix.pythonanywhere.com/guides,3,1105,0.27%,5.72
https://toolpix.pythonanywhere.com/image-editor,3,1003,0.3%,70.46
https://toolpix.pythonanywhere.com/free-online-image-compressor,3,835,0.36%,32.51
https://toolpix.pythonanywhere.com/image-converter/webp,3,754,0.4%,37.05
https://toolpix.pythonanywhere.com/security,3,362,0.83%,6.17
https://toolpix.pythonanywhere.com/greetings/newyear,3,333,0.9%,10.67
https://toolpix.pythonanywhere.com/pdf-tools/pdf-editor-ocr,3,326,0.92%,12.79
https://toolpix.pythonanywhere.com/image-editor/filters,3,253,1.19%,29.7
https://toolpix.pythonanywhere.com/free-online-notes-app,3,192,1.56%,23.88
https://toolpix.pythonanywhere.com/greetings/mothersday,3,158,1.9%,10.92
https://toolpix.pythonanywhere.com/blog/mastering-python-online-compiler,3,84,3.57%,8.5
https://toolpix.pythonanywhere.com/pdf-tools/rotate-pdf,2,5591,0.04%,63.8
https://toolpix.pythonanywhere.com/blog/image-resizing-best-practices,2,2274,0.09%,8
https://toolpix.pythonanywhere.com/blog/java-oop-concepts,2,1666,0.12%,17.74
https://toolpix.pythonanywhere.com/blog/favicons-explained,2,1194,0.17%,48.28
https://toolpix.pythonanywhere.com/blog/cropping-for-social-media,2,526,0.38%,8.33
https://toolpix.pythonanywhere.com/privacy,2,347,0.58%,6.57
https://toolpix.pythonanywhere.com/image-editor/advanced,2,339,0.59%,10.88
https://toolpix.pythonanywhere.com/partners,2,67,2.99%,9.64
https://toolpix.pythonanywhere.com/free-online-habit-tracker,2,51,3.92%,8.45
https://toolpix.pythonanywhere.com/greetings/birthday,2,20,10%,3.4
https://toolpix.pythonanywhere.com/free-online-lorem-ipsum-generator,1,7851,0.01%,62.83
https://toolpix.pythonanywhere.com/blog/code-obfuscation,1,4776,0.02%,9.83
https://toolpix.pythonanywhere.com/blog/png-vs-jpg-complete-guide,1,4038,0.02%,20.04
https://toolpix.pythonanywhere.com/free-online-kanban-board,1,1596,0.06%,45.77
https://toolpix.pythonanywhere.com/blog/ai-code-generation-future-programming-2025,1,916,0.11%,6.82
https://toolpix.pythonanywhere.com/blog/markdown-guide,1,506,0.2%,5.57
https://toolpix.pythonanywhere.com/help-center,1,260,0.38%,7.37
https://toolpix.pythonanywhere.com/html-editor,1,249,0.4%,16.76
https://toolpix.pythonanywhere.com/aistudio/resume-builder,1,228,0.44%,5.67
https://toolpix.pythonanywhere.com/image-editor/dark-mode,1,153,0.65%,6.59
https://toolpix.pythonanywhere.com/free-online-image-resizer,1,140,0.71%,20.36
https://toolpix.pythonanywhere.com/image-editor/png-to-jpg,1,53,1.89%,8.6
https://toolpix.pythonanywhere.com/free-qr-code-scanner,1,16,6.25%,2.06
https://toolpix.pythonanywhere.com/temp-mail/,1,1,100%,1
https://toolpix.pythonanywhere.com/greetings/fathersday,0,1510,0%,7.06
https://toolpix.pythonanywhere.com/blog/,0,1211,0%,6.5
https://toolpix.pythonanywhere.com/blog/image-aspect-ratios-social-media-guide,0,970,0%,10.41
https://toolpix.pythonanywhere.com/blog/base64-encoding-explained,0,591,0%,6.93
https://toolpix.pythonanywhere.com/blog/compress-images-website-speed-guide,0,498,0%,18.29
https://toolpix.pythonanywhere.com/blog/dark-mode-design,0,449,0%,6.25
https://toolpix.pythonanywhere.com/terms,0,358,0%,6.78
https://toolpix.pythonanywhere.com/blog/regex-guide,0,282,0%,8.3
https://toolpix.pythonanywhere.com/blog/online-tools-guide-2025,0,274,0%,6.61
https://toolpix.pythonanywhere.com/blog/qr-code-generator-marketing-guide,0,241,0%,10.19
https://toolpix.pythonanywhere.com/image-cropper,0,189,0%,18.49
https://toolpix.pythonanywhere.com/blog/php-in-2025,0,160,0%,8.22
https://toolpix.pythonanywhere.com/blog/modern-javascript-es6,0,158,0%,5.12
https://toolpix.pythonanywhere.com/blog/html5-semantic-tags,0,154,0%,8.17
https://toolpix.pythonanywhere.com/sitemap.xml,0,150,0%,8.45
https://toolpix.pythonanywhere.com/use-cases,0,113,0%,7.99
https://toolpix.pythonanywhere.com/image-editor/resizer,0,88,0%,14.32
https://toolpix.pythonanywhere.com/partnership,0,83,0%,9.7
https://toolpix.pythonanywhere.com/troubleshoot,0,78,0%,7.76
https://toolpix.pythonanywhere.com/sponsor,0,73,0%,9.1
https://toolpix.pythonanywhere.com/testimonials,0,69,0%,4.33
https://toolpix.pythonanywhere.com/donate,0,63,0%,10.83
https://toolpix.pythonanywhere.com/feedback,0,56,0%,8.46
https://toolpix.pythonanywhere.com/convert-to-url-online,0,49,0%,2.59
https://toolpix.pythonanywhere.com/greetings/easter,0,46,0%,4.41
https://toolpix.pythonanywhere.com/features,0,39,0%,8.05
https://toolpix.pythonanywhere.com/blog/qr-codes-marketing,0,38,0%,7.53
https://toolpix.pythonanywhere.com/javascript-editor,0,30,0%,44.23
https://toolpix.pythonanywhere.com/greetings/cny,0,29,0%,7.17
https://toolpix.pythonanywhere.com/refund-policy,0,24,0%,11.25
https://toolpix.pythonanywhere.com/greetings/halloween,0,19,0%,11.05
https://toolpix.pythonanywhere.com/blog/why-learn-c,0,16,0%,13.81
https://toolpix.pythonanywhere.com/greetings/christmas,0,13,0%,17.92
https://toolpix.pythonanywhere.com/free-online-html-encoder-decoder,0,12,0%,6.42
https://toolpix.pythonanywhere.com/free-online-qr-code-scanner/,0,11,0%,2.91
https://toolpix.pythonanywhere.com/pdf-tools/split-pdf,0,9,0%,8
https://toolpix.pythonanywhere.com/blog/json-vs-xml#code-examples,0,8,0%,8.38
https://toolpix.pythonanywhere.com/blog/json-vs-xml#detailed-differences,0,8,0%,8.38
https://toolpix.pythonanywhere.com/blog/json-vs-xml#performance-benchmarks,0,8,0%,8.38
https://toolpix.pythonanywhere.com/blog/json-vs-xml#quick-comparison,0,8,0%,8.38
https://toolpix.pythonanywhere.com/blog/json-vs-xml#schema-validation,0,8,0%,8.38
https://toolpix.pythonanywhere.com/blog/json-vs-xml#syntax-examples,0,8,0%,8.38
https://toolpix.pythonanywhere.com/blog/json-vs-xml#use-cases,0,8,0%,8.38
https://toolpix.pythonanywhere.com/blog/understanding-ai-code-assistants,0,7,0%,4.43
https://toolpix.pythonanywhere.com/documentation,0,7,0%,5
https://toolpix.pythonanywhere.com/free-qr-code-scanner/,0,6,0%,3.33
https://toolpix.pythonanywhere.com/greetings/valentine,0,6,0%,15.17
https://toolpix.pythonanywhere.com/pdf-tools/pdf-to-image,0,5,0%,5.2
https://toolpix.pythonanywhere.com/online-image-editor,0,4,0%,7
https://toolpix.pythonanywhere.com/greetings/diwali,0,3,0%,7
https://toolpix.pythonanywhere.com/free-online-qr-scanner,0,1,0%,1
https://toolpix.pythonanywhere.com/static/images/blog/best-image-converters-2025.png,0,1,0%,7
https://toolpix.pythonanywhere.com/static/images/blog/json-vs-xml.png,0,1,0%,11
https://toolpix.pythonanywhere.com/static/images/temp-mail-og-image.png,0,1,0%,14
https://toolpix.pythonanywhere.com/static/images/blog/image-tools.png,0,1,0%,28