Top queries,Clicks,Impressions,CTR,Position
temp mail,17673,658257,2.68%,9.43
temporary email,15150,457852,3.31%,5.97
temp mail with password,10042,39013,25.74%,2.85
qr code to link,9043,18956,47.71%,1.81
temporary email and password,8815,38974,22.62%,3.09
qr to link,8711,17318,50.3%,1.44
temporary email and password free,3634,15040,24.16%,3.04
qr code to link converter,2923,4614,63.35%,1.45
tempmail,2744,156046,1.76%,9.63
toolpix,2371,3323,71.35%,1.14
temp email,2204,186142,1.18%,9.54
qr to url,2125,4210,50.48%,1.09
qr to link converter,1925,2815,68.38%,1.12
qr code to url,1881,4015,46.85%,1.37
convert qr code to link,1507,2542,59.28%,1.11
temp email with password,1164,4460,26.1%,3.27
temp mail and password,1143,3770,30.32%,3.16
temporary mail,1110,37743,2.94%,9.14
qr code to link converter online free,1085,2881,37.66%,1.07
temporary email with password,1076,3979,27.04%,3.04
get link from qr code,972,2178,44.63%,1.5
10 minute mail,935,94655,0.99%,8.28
temp mail for facebook,883,10652,8.29%,5.49
toolpix temp mail,770,974,79.06%,1
temp gmail,737,31720,2.32%,10.73
qrcode to link,646,1337,48.32%,1.37
temporary email generator,580,13864,4.18%,9.33
temp gmail with password,533,2843,18.75%,5.78
qr code to url converter,532,855,62.22%,1.31
convert qr to link,520,840,61.9%,1.24
qr to link generator,511,1089,46.92%,2.27
temp email and password,498,1784,27.91%,3.15
tempmail with password,477,1218,39.16%,2.64
10minutemail,454,59130,0.77%,8.25
temp mail gmail,452,11453,3.95%,11.88
free temp mail,443,10478,4.23%,7.31
link from qr code,440,902,48.78%,1.43
qrcode to url,399,838,47.61%,1.37
temp gmail account with password,394,2178,18.09%,5.78
temp mail password,386,1539,25.08%,3.25
fake email and password,383,2579,14.85%,5.57
temporary mail with password,383,1713,22.36%,3.22
free temporary email,365,13832,2.64%,8.54
qr to url converter,361,639,56.49%,1.28
get url from qr code,346,976,35.45%,1.54
temp mail generator,321,11273,2.85%,8.64
turn qr code into link,309,565,54.69%,1.19
temporary email and password gmail,307,4096,7.5%,5.81
fake email with password,305,1337,22.81%,4.44
best temp mail for facebook,301,3908,7.7%,4.28
best temp mail,300,7079,4.24%,11.58
temp email generator,281,14314,1.96%,8.8
qr code to link generator,274,683,40.12%,2.41
qr code scanner online,271,51109,0.53%,8.45
transformar qr code em link,270,1339,20.16%,3.43
temp mail free,267,5912,4.52%,5.87
extract link from qr code,266,1149,23.15%,1.97
qr code into link,265,424,62.5%,1.18
qr code convert to link,254,485,52.37%,1.31
gmail temp mail,229,4968,4.61%,12.16
temporary email generator with password,225,1058,21.27%,3.17
fake mail,218,9383,2.32%,16.26
free email and password,216,1956,11.04%,6.94
url from qr code,209,538,38.85%,1.25
email with password,202,788,25.63%,3.55
qr image to link,202,613,32.95%,1.61
10 minute mail with password gmail,199,3235,6.15%,5.63
outlook temp mail,190,2773,6.85%,9.26
tool pix,187,296,63.18%,1.21
css obfuscator,181,1041,17.39%,2.75
temp mail ninja,178,5628,3.16%,9.25
extract url from qr code,177,507,34.91%,1.57
temporary gmail with password,175,1152,15.19%,6.14
from qr code to link,172,304,56.58%,1.08
generate link from qr code,164,330,49.7%,1.8
temp-mail,163,5694,2.86%,10.28
qr code image to link,159,603,26.37%,2
get link from qr,159,375,42.4%,1.41
mail temp,157,4761,3.3%,12.42
scan qr code online,156,27924,0.56%,8.56
online qr code scanner,156,18239,0.86%,8.44
temp mail with otp,155,977,15.86%,3.16
tempmail gmail,153,2761,5.54%,11.73
converter qr code em link,150,561,26.74%,2.91
convert qr code to url,150,302,49.67%,1.48
temp.mail,139,6068,2.29%,9.26
convertir qr a link,138,467,29.55%,2.62
temp mail facebook,135,2224,6.07%,7.23
random email generator with password,131,973,13.46%,4.84
qr scanner online,129,22007,0.59%,9.23
temp mail 2026,129,902,14.3%,7.79
email generator with password,124,816,15.2%,4.66
temporary email id and password,123,729,16.87%,3.71
temp mail with password for login,123,395,31.14%,2.75
qr a link,121,1291,9.37%,5.22
qr to link online,121,229,52.84%,1.04
temp mail toolpix,120,152,78.95%,1
from qr to link,119,176,67.61%,1.11
temp mail for instagram,118,2182,5.41%,5.78
temporary email address,117,8499,1.38%,9.65
free temp email,117,4430,2.64%,8.71
temp gmail and password,117,528,22.16%,6.12
link from qr,117,318,36.79%,1.63
free email with password,116,787,14.74%,5.75
temporary gmail account with password,115,992,11.59%,6
qr code converter to link,115,246,46.75%,1.46
fake gmail and password,114,897,12.71%,6.33
temporary mail and password,113,683,16.54%,3.4
temporary email for otp,110,1439,7.64%,3.82
how to convert qr code to link,110,322,34.16%,1.19
temporary gmail,109,2797,3.9%,14.31
temp mail india,109,789,13.81%,4.54
qr code link extractor,107,1148,9.32%,2.75
temp email password,104,499,20.84%,3.23
email temp,103,5139,2%,11.35
temp mail for facebook 2026,101,627,16.11%,2.77
qr convert to link,101,260,38.85%,1.5
email temporary,100,3575,2.8%,9.32
disposable email,100,3086,3.24%,30.29
fake mail and password,97,368,26.36%,4.66
fake gmail with password,96,471,20.38%,5.99
email and password generator,95,892,10.65%,8.06
temp mail with password free,95,444,21.4%,3.35
scanner online,94,29809,0.32%,9.2
best temp mail with password,94,652,14.42%,2.88
temporary email password,93,480,19.38%,3.43
10 minutes mail,92,8512,1.08%,9.08
scan qr online,91,11621,0.78%,8.54
fake gmail,91,4915,1.85%,11.68
reverse qr code to url,91,174,52.3%,1.03
email generator,89,7113,1.25%,26.94
temporarymail,89,3172,2.81%,6.62
temporary email with password free,88,377,23.34%,2.97
temp mail otp,87,601,14.48%,3.31
convertir qr en link,87,334,26.05%,3.28
qr code in link umwandeln,87,263,33.08%,3.56
temporary gmail and password,85,695,12.23%,6.96
temp gmail account with password free,85,403,21.09%,4.6
temp mail pro,84,1668,5.04%,15.61
fake email id and password,84,423,19.86%,5.61
toolpix mail,84,248,33.87%,1
convert qr to url,84,145,57.93%,1.88
qr into link,84,142,59.15%,1.2
fake email generator,83,6716,1.24%,16.44
fake email,83,5872,1.41%,22.69
temporary email and password generator,83,463,17.93%,4.01
mail vanish,82,1275,6.43%,7.05
hotmail temp mail,82,1081,7.59%,8.71
temp mail id and password,82,528,15.53%,3.57
temporal email,81,4258,1.9%,6.15
fake mail with password,81,298,27.18%,4.05
temp otp,80,2044,3.91%,10.55
qr code image to link converter,80,165,48.48%,1.01
new temp mail,79,1304,6.06%,8.76
free temp mail with password,79,156,50.64%,2.09
create link from qr code,78,171,45.61%,1.88
tempory email,75,2650,2.83%,5.9
disposable mail,75,2592,2.89%,21.38
fake email otp,75,1026,7.31%,4.01
change qr code to link,75,130,57.69%,1.45
tempemail,74,8209,0.9%,8.71
qr image to url,74,174,42.53%,1.15
temp email for otp,73,962,7.59%,3.85
temporary gmail account and password,73,864,8.45%,7.32
temp mail id,72,6223,1.16%,7.97
temp mail with pass,72,203,35.47%,3.6
10 minute mail gmail,71,2604,2.73%,8.61
temporary mail generator,71,1562,4.55%,8.75
10 minute mail facebook,70,1732,4.04%,8.63
temp email with password free,70,249,28.11%,3.22
temp mail password free,70,222,31.53%,2.89
get url from qr,70,156,44.87%,1.39
tem mail,67,2372,2.82%,8.71
turn qr code to link,67,143,46.85%,1.4
temporary mail id and password,66,587,11.24%,3.6
temp gmail with password for login,66,220,30%,4.59
convert qr into link,66,89,74.16%,1.02
free qr code scanner,65,5022,1.29%,9.84
temporary emails,65,2271,2.86%,10.2
disposable email with password,65,409,15.89%,3.42
get the link from qr code,65,128,50.78%,1.32
scan qr code online from image,64,4389,1.46%,7.94
temporay email,64,2255,2.84%,5.86
fake email password,64,269,23.79%,4.28
convert qr code to url online,64,121,52.89%,1
temp mail for grok,63,884,7.13%,6.96
mail with password,63,218,28.9%,3.11
qr to url generator,63,137,45.99%,2.88
toolpix email,63,68,92.65%,1
email generator temp mail,62,2807,2.21%,8.95
gmail temp mail with password free,62,300,20.67%,5.7
qr code to link online,62,186,33.33%,2.15
qr code scanner online free,61,172379,0.04%,6.43
gmail temp,61,1674,3.64%,14.61
temp mail and password for login,61,180,33.89%,3.01
tamp mail,60,2785,2.15%,10.66
temp mails,60,1145,5.24%,13.74
temporary gmail and password free,59,614,9.61%,8.38
10 minute mail with password,59,507,11.64%,4.9
temp email and password free,59,245,24.08%,3.37
email and password free,58,463,12.53%,5.79
temporary google account with password,58,431,13.46%,5.68
temporary mail id,57,3363,1.69%,7.07
my temp mail,57,902,6.32%,23.46
temp mail with code,57,316,18.04%,3.59
temp email id and password,57,316,18.04%,3.66
email and password temporary,57,196,29.08%,3.47
temp mail and password free,57,195,29.23%,3.15
temp email address,56,3652,1.53%,9.47
temporary email gmail,56,1043,5.37%,14.41
qr code into link converter,56,84,66.67%,1.05
convert qr code into link,55,98,56.12%,1.04
temp gmail account,54,1580,3.42%,14.12
temporary email with otp,54,426,12.68%,3.37
qr code image to url,54,128,42.19%,1.04
qr to url online,54,98,55.1%,1.07
email with password free,53,233,22.75%,4.67
one time email and password,52,501,10.38%,3.56
temp gmail with password and inbox,52,283,18.37%,6.5
temporary emails with passwords,51,196,26.02%,3.31
qr code to link converter online,51,139,36.69%,1
link generator from qr code,51,109,46.79%,1.39
tempmail free,50,1404,3.56%,6.29
fake gmail password,50,297,16.84%,5.43
temp email with otp,50,292,17.12%,3.22
fake email generator with password,50,255,19.61%,4.01
temp mail x,49,787,6.23%,30.91
turn qr into link,49,67,73.13%,1
temp emails,48,2334,2.06%,10.18
temp edu mail,48,1993,2.41%,10.96
email generator with password and inbox,48,350,13.71%,5.73
qr code to url online,48,133,36.09%,2.54
toolbox temp mail,48,67,71.64%,1.22
free email and password generator,47,316,14.87%,7.23
10 min mail,46,2912,1.58%,13.77
temp mail for discord,46,1439,3.2%,7.1
barcode to link,46,343,13.41%,6.27
qr code scanner from image,45,5462,0.82%,9.68
temporaryemail,45,2059,2.19%,5.91
qr code to url generator,45,134,33.58%,3.63
favicon generator,44,6621,0.66%,13.63
temporary email id,44,2924,1.5%,7.95
tempgmail,44,1612,2.73%,10.62
temp mail create,44,627,7.02%,6.51
generate email and password,44,373,11.8%,4.86
de qr a link,44,336,13.1%,5.07
qr code to url link,44,98,44.9%,1.29
temp email id,43,2365,1.82%,7.98
temp gmail generator,43,991,4.34%,10.84
temp edu mail with password,43,190,22.63%,2.99
disposable email and password,43,170,25.29%,3.26
change qr to link,43,62,69.35%,1.26
temp mail inbox,42,840,5%,20.64
temp mail new,42,442,9.5%,20.25
temp gmail with password free,42,364,11.54%,6.22
temp gmail email with password free,42,307,13.68%,6.55
temp mail gmail with password,42,166,25.3%,4.57
qr code get link,42,106,39.62%,1.32
convert qr code to link online,42,72,58.33%,1
dollicons.com,41,851,4.82%,5.1
temporary email and password for login,41,248,16.53%,4.11
temp mail verification code,41,216,18.98%,2.92
temp mail code receiver,41,193,21.24%,3.44
generate url from qr code,41,155,26.45%,1.37
temperary email,40,2054,1.95%,5.89
best temp mail for instagram,40,566,7.07%,3.55
tempmail for facebook,40,310,12.9%,5.84
temp google account with password,40,250,16%,5.83
temp mail or password,40,141,28.37%,3.16
transform qr code to link,40,65,61.54%,1
10 minute email,39,3878,1.01%,8.14
tempoary email,39,1703,2.29%,5.87
temp outlook mail,39,1127,3.46%,8.21
temp mail outlook,39,942,4.14%,8.63
all temp mail,39,894,4.36%,7.49
temp mail for otp,39,656,5.95%,3.91
ai html editor,39,461,8.46%,3.59
temp mail – free temporary email,39,309,12.62%,5.44
temp mail otp verification,39,151,25.83%,2.88
temp mail with password generator,39,81,48.15%,2.74
minute mail,38,2190,1.74%,11.19
temp hotmail,38,824,4.61%,9.24
fake email for otp,38,759,5.01%,4.6
temp mail hotmail,38,552,6.88%,9.54
how to get link from qr code,38,263,14.45%,1.52
copy link from qr code,38,146,26.03%,1.6
tempmail and password,38,126,30.16%,2.71
qr to link converter online,38,94,40.43%,1
link to qr code,37,19803,0.19%,10.91
temp gmail and password for login,37,246,15.04%,7.36
email with password generator,37,167,22.16%,5.92
transformar qrcode em link,37,155,23.87%,2.48
image qr to link,37,150,24.67%,2.61
online stopwatch,36,4217,0.85%,14.64
temporary gmail and password free for android,36,318,11.32%,5.79
burner email and password,36,163,22.09%,3.18
temp email account with password,36,99,36.36%,3.33
temporary emails with password,36,87,41.38%,3.2
qr converter to link,36,78,46.15%,1.13
toolpix ai,36,47,76.6%,1
10 minute mail with password gmail free,35,522,6.7%,4.96
random gmail account with password,35,490,7.14%,6.97
qr link extractor,35,299,11.71%,3.24
como transformar qr code em link,35,253,13.83%,3.4
temporary email and otp,35,212,16.51%,3.7
free email generator with password,35,178,19.66%,4.22
temp mail and pass,35,120,29.17%,3.39
convert barcode to link,35,109,32.11%,3.69
free temporary email and password,35,101,34.65%,3.2
online qr scanner,34,4804,0.71%,8.86
temp email free,34,921,3.69%,7.51
temp mail - email generator,34,544,6.25%,9.92
temporary gmail address for verification,34,400,8.5%,8.38
strong temp mail for facebook,34,266,12.78%,4.26
temporary mail id with password,34,129,26.36%,3.5
temporary emial,33,1978,1.67%,5.96
free email id and password,33,320,10.31%,7.45
free email password,33,250,13.2%,4.11
temp gmail password,33,171,19.3%,5.79
temporary mail and password free,33,160,20.62%,3.23
one time email with password,33,128,25.78%,3.12
temp email and pass,33,127,25.98%,3.39
fake emails with password,33,100,33%,4.76
burner email,32,4661,0.69%,14.19
temp mail 100,32,1434,2.23%,11.04
temp mail.,32,802,3.99%,11.06
code to link converter,32,517,6.19%,5.7
email otp verification free,32,355,9.01%,4.33
temp mail and otp,32,156,20.51%,3.43
burner email with password,32,117,27.35%,3.1
temp email and password for login,32,109,29.36%,3.32
temp mail for claude ai,32,73,43.84%,1.88
make link from qr code,32,55,58.18%,1.58
eid greetings card 2026,31,1437,2.16%,8.68
create temp mail,31,690,4.49%,8.61
temp mail plus,31,591,5.25%,52.88
fake email and otp,31,403,7.69%,4.59
fake email and password generator,31,272,11.4%,7.12
qr code url extractor,31,209,14.83%,2.32
fake mail generator,30,2111,1.42%,16.82
temmail,30,1489,2.01%,8.86
temporary enail,30,1125,2.67%,5.69
email for otp,30,713,4.21%,5
temporary email for facebook,30,464,6.47%,6.88
tempmail for instagram,30,379,7.92%,5.78
strong temp mail,30,342,8.77%,8.88
real temp mail,30,340,8.82%,14.24
بريد مؤقت gmail مع كلمة السر,30,304,9.87%,11.09
temp gmail for facebook,30,299,10.03%,5.01
temporary gmail and password for login,30,281,10.68%,7.5
2026 temp mail,30,189,15.87%,8.9
temporary email id with password,30,171,17.54%,3.25
how to turn a qr code into a link,30,170,17.65%,1.56
find link from qr code,30,166,18.07%,2.61
copy qr code link,30,144,20.83%,2.12
email id and password temporary,30,138,21.74%,3.51
one time email,29,1891,1.53%,15.47
temprary email,29,1646,1.76%,6.17
gmail temporary email,29,688,4.22%,14.96
temp email for facebook,29,681,4.26%,6.98
random email and password,29,566,5.12%,7.55
email for otp verification,29,263,11.03%,3.32
temporary email account and password,29,234,12.39%,3.71
temp mail & password,29,127,22.83%,3.55
temp mail id with password,29,121,23.97%,3.52
convertir codigo qr a link,29,109,26.61%,3.12
qr code to url converter online,29,98,29.59%,1.74
qr code to url link converter,29,61,47.54%,1.1
5 minute mail,28,2137,1.31%,10.12
fake gmail generator,28,770,3.64%,14.45
temporary gmail account,28,673,4.16%,14.13
temp email gmail,28,566,4.95%,13.71
email with otp,28,310,9.03%,3.61
facebook temp mail,28,305,9.18%,6.87
email generator for facebook,28,210,13.33%,5.84
temporary email address and password,28,172,16.28%,3.4
decode qr code to url,28,170,16.47%,1.91
temp gmail account and password,28,163,17.18%,6.85
temp mail with verification code,28,150,18.67%,2.87
temporary gmail account with password free,28,150,18.67%,6.65
convert a qr code to a link,28,84,33.33%,1.08
qr to link extractor,28,80,35%,1.44
url from qr,28,79,35.44%,1.3
code qr to link,28,60,46.67%,2.03
get a link from a qr code,28,58,48.28%,1.19
free email generator,27,1306,2.07%,23.93
javascript obfuscator,27,1012,2.67%,10.86
temp mail online,27,845,3.2%,8.97
gmail temp email,27,728,3.71%,11.73
10 minute mail with inbox,27,638,4.23%,9.8
email otp,27,517,5.22%,10.22
temp mail uno,27,470,5.74%,32.61
temp mail usa,27,460,5.87%,19.53
temporary email otp,27,276,9.78%,3.86
facebook fake mail,27,214,12.62%,9.71
dummy email and password,27,123,21.95%,4.72
free temporary email with password,27,115,23.48%,3.15
scanner to link generator,27,109,24.77%,5.52
turn qr to link,27,44,61.36%,1
burner mail,26,2005,1.3%,10.21
dollicons email,26,778,3.34%,5.54
temp mail free temporary email,26,495,5.25%,5.67
temp mail instagram,26,396,6.57%,6.54
image qr code to link,26,145,17.93%,3.72
css obfuscator online,26,128,20.31%,2.98
create temporary email with password,26,106,24.53%,3.55
how to convert qr code into link,26,61,42.62%,1.16
html ai,25,1496,1.67%,8.11
text editor online,25,1064,2.35%,27.71
temporary emai,25,965,2.59%,5.98
free tempmail,25,831,3.01%,6.5
free email for verification code,25,471,5.31%,5.5
best temp mail gmail free,25,254,9.84%,7.02
temp mail 2026 gmail,25,195,12.82%,6.08
fake email id with password,25,151,16.56%,5.05
convertidor de qr a link,25,142,17.61%,3.82
temp email generator with password,25,130,19.23%,3.48
temporary mail with password free,25,109,22.94%,3.14
fake email id password,25,108,23.15%,5.47
qr code link converter,25,95,26.32%,2.67
temporary email address with password,25,95,26.32%,3.43
get url from qr code image,25,75,33.33%,1.68
pasar de qr a link,25,74,33.78%,2.62
qr code into url,25,45,55.56%,1.24
temp mail account with password,25,40,62.5%,2.23
scan qr code online free,24,970,2.47%,7.89
fake email with otp,24,427,5.62%,5.47
temporary gmail login,24,416,5.77%,9.43
fivermail com temporary email,24,252,9.52%,7.69
instagram temp mail,24,243,9.88%,6.72
extract link from qr,24,235,10.21%,2.34
temp google account email and password,24,142,16.9%,6.08
free gmail otp verification,24,140,17.14%,4.31
generate email with password,24,95,25.26%,4.13
how to extract link from qr code,24,80,30%,1.81
js obfuscator,23,1950,1.18%,9.24
dollicons mail,23,338,6.8%,4.57
temp mail for verification,23,307,7.49%,3.7
tool pix temp mail,23,28,82.14%,1
online scanner,22,4027,0.55%,11.06
tempary email,22,851,2.59%,5.9
temp gmail mail,22,637,3.45%,13.14
fake gmail account,22,596,3.69%,10.69
temporary gmail generator,22,569,3.87%,10.76
mail temporary,22,466,4.72%,12.67
indian temp mail,22,364,6.04%,7.04
get link from qr code image,22,233,9.44%,3.47
10minutemail with password,22,196,11.22%,5.74
how to get url from qr code without scanning,22,158,13.92%,2.56
tempmail 2026,22,158,13.92%,6.73
temporary email with password generator,22,130,16.92%,3.59
how to turn qr code into link,22,111,19.82%,1.51
temp gmail id with password free,22,105,20.95%,5.74
find url from qr code,22,104,21.15%,2.42
temp mail tool,22,64,34.38%,3.56
toolpix ai website builder,22,43,51.16%,1.21
temp mai,21,1432,1.47%,9.38
your temporary email address,21,1269,1.65%,7.79
tenp mail,21,1241,1.69%,9.26
temp gmail email,21,641,3.28%,11.71
free emails with passwords,21,340,6.18%,7.18
pix tool,21,235,8.94%,4.03
free gmail accounts with password,21,189,11.11%,8.05
email with password generator free,21,101,20.79%,4.09
email with password temp,21,91,23.08%,3.21
temporary email or password,21,83,25.3%,3.59
toolpix tempmail,21,23,91.3%,1
tmp mail,20,1502,1.33%,9.27
temp mail to,20,1452,1.38%,9.23
temo mail,20,1363,1.47%,9.21
temperory email,20,860,2.33%,6.13
email fake,20,826,2.42%,20.72
airsworld.net,20,629,3.18%,6.37
temporary email for verification,20,580,3.45%,6.77
free gmail temp mail,20,501,3.99%,9.14
temporary mail for otp,20,308,6.49%,4.18
temp mail online free,20,232,8.62%,5.38
temp gmail code,20,209,9.57%,5.65
temp mail generator free,20,190,10.53%,5.61
temp mail gmail.com,20,149,13.42%,11.62
mail for facebook,20,124,16.13%,5.93
how to get url from qr code,20,103,19.42%,1.41
temp password and email,20,91,21.98%,3.07
como transformar um qr code em link,20,75,26.67%,2.21
temp email password free,20,70,28.57%,3.43
fake mail password,20,69,28.99%,5.68
free email for facebook verification,20,64,31.25%,3.55
temp mail for claude,20,62,32.26%,1.84
toolpix python,20,30,66.67%,1.33
10minute mail,19,3869,0.49%,7.88
qr code scanner free,19,1388,1.37%,7.33
instant mail,19,1281,1.48%,9.34
freetempmail,19,1185,1.6%,7.42
temp mail email,19,1002,1.9%,9.49
temp mail discord,19,616,3.08%,7.54
temp mail.com,19,465,4.09%,27.28
10 minute mail mobile,19,452,4.2%,11.88
free email otp,19,409,4.65%,3.69
temp mail pro - multiple email,19,402,4.73%,8.36
temp mail 101,19,376,5.05%,13.74
temp mail 365,19,345,5.51%,39.29
temporary mails,19,318,5.97%,10.93
temp mail world,19,314,6.05%,65.19
temp mail for tiktok,19,300,6.33%,7.09
temporary email and password gmail android,19,221,8.6%,5.39
temp mail generator with inbox messages free,19,143,13.29%,4.94
temp mail @gmail.com,19,141,13.48%,11.21
best temp mail with password gmail,19,138,13.77%,4.97
fake gmail account with password,19,108,17.59%,6.69
email generator password free,19,102,18.63%,4.99
temp email with password generator,19,85,22.35%,3.75
create temp mail with password,19,80,23.75%,3.27
gmail temp with password,19,62,30.65%,5.4
mail and password free,19,55,34.55%,3.71
get link of qr code,19,33,57.58%,1.18
https://toolpix.pythonanywhere.com/temp-mail,19,24,79.17%,1
scan qr code online without app,18,2183,0.82%,10.36
svg optimizer,18,2033,0.89%,9
qr scanner online free,18,1907,0.94%,8.46
scanner online free,18,1689,1.07%,11.14
temporarily email,18,695,2.59%,6.05
temp email account,18,447,4.03%,11.97
free temp gmail,18,416,4.33%,9.62
temp mail - temporary email ai,18,357,5.04%,7.13
fake gmail otp,18,327,5.5%,6.76
email temp mail,18,284,6.34%,9.28
html editor ai,18,236,7.63%,3.91
gmail temp mail with inbox,18,233,7.73%,10.48
gmail otp,18,203,8.87%,8.62
mail for otp,18,186,9.68%,3.58
free mail id and password,18,167,10.78%,6.69
gmail generate with password free,18,161,11.18%,8.58
temp google mail with password,18,145,12.41%,6.59
temp gmail pro free,18,142,12.68%,7.2
temporary email otp verification,18,112,16.07%,3.3
fake gmail account check and password,18,104,17.31%,3.62
fake mail id and password,18,95,18.95%,4.71
new temp mail for facebook,18,89,20.22%,6.38
email password free,18,81,22.22%,3.85
email generate with password,18,81,22.22%,4.4
translate qr code to url,18,69,26.09%,1.54
temp email id with password,18,63,28.57%,3.13
temp google gmail with password,18,54,33.33%,5.11
qr code to link converter free,18,36,50%,1.08
convert qr code to url link,18,32,56.25%,1
scan qr code from image,17,4642,0.37%,7.13
qr code scanner,17,1800,0.94%,17.92
temp work email,17,540,3.15%,8.8
temp mail best,17,338,5.03%,19.89
html ai editor,17,279,6.09%,4.06
scan qr to link,17,245,6.94%,4.57
random email with password,17,230,7.39%,6.29
temp email otp,17,211,8.06%,3.79
upload qr code to get link,17,211,8.06%,4.22
temporary gmail generator with inbox and password,17,211,8.06%,6.21
temp gmail.com,17,206,8.25%,12
temporary mail id for otp,17,201,8.46%,3.94
email otp receiver,17,170,10%,3.09
airsworld net,17,167,10.18%,5.28
temp mail plus for facebook,17,164,10.37%,7.36
give me temporary email and password,17,156,10.9%,3.62
email otp verification,17,148,11.49%,9.03
temporary gmail for otp,17,124,13.71%,4.99
qr photo to link,17,114,14.91%,3.18
temp mail with otp free,17,105,16.19%,2.92
temp gmail mail with password,17,100,17%,6.33
temp mail id and password free,17,98,17.35%,3.39
temporary mail password,17,88,19.32%,2.9
temp gmail with otp,17,81,20.99%,4.73
turn a qr code into a link,17,78,21.79%,1.29
email or password free,17,73,23.29%,5.3
dummy email with password,17,73,23.29%,5.52
temporary email id password,17,71,23.94%,3.76
tempmail with pass,17,69,24.64%,3.36
gmail temp mail with password,17,68,25%,6.35
google temp mail with password,17,60,28.33%,5.07
temp email with pass,17,53,32.08%,2.85
temporary email with password for login,17,34,50%,3
scanner to link converter,17,23,73.91%,1.09
qr reader online,16,4233,0.38%,10.67
temprory email,16,824,1.94%,6.4
temorary email,16,631,2.54%,6.14
free temporary mail,16,521,3.07%,9.76
temp business email,16,466,3.43%,10.89
temp mail code,16,425,3.76%,4.69
temporary email send and receive,16,325,4.92%,10.02
temp mail gmail domain,16,248,6.45%,11.94
temp mail gmail account,16,221,7.24%,11.4
temp mail pro free,16,217,7.37%,10.21
eid ul fitr 2026 cards free,16,199,8.04%,4.71
5 minute mail with password,16,173,9.25%,5.12
@dollicons.com,16,167,9.58%,5.15
emails with passwords,16,164,9.76%,7.99
temporary email with verification code,16,159,10.06%,3.6
dropinboxes temporary email,16,158,10.13%,16.47
temp mail verification,16,153,10.46%,3.97
new temp mail 2026,16,133,12.03%,25.47
how to get a link from a qr code,16,127,12.6%,1.67
obfuscate css,16,127,12.6%,2.59
temporary mail with otp,16,95,16.84%,3.27
temp mail email and password,16,82,19.51%,3.76
mail id and password free,16,76,21.05%,5.59
temp mail and code,16,73,21.92%,3.51
temp mail pass,16,65,24.62%,3.62
temp mail for google account with password,16,58,27.59%,6.02
mail and password generator,16,56,28.57%,6.16
color picker online,15,3415,0.44%,11.85
scan qr code,15,1929,0.78%,10.19
to do list online,15,1764,0.85%,20.89
disposable email address,15,1282,1.17%,25.18
temproary email,15,806,1.86%,5.9
eid card 2026,15,720,2.08%,9.62
free disposable email,15,552,2.72%,14.28
teamp mail,15,546,2.75%,9.66
generator email,15,532,2.82%,41.11
favicon generator free,15,519,2.89%,10.74
temp google mail,15,466,3.22%,11.17
disposable gmail,15,433,3.46%,15.66
temporaty email,15,424,3.54%,6.04
yes,15,379,3.96%,5.9
temporary-email,15,316,4.75%,7.16
fake mail otp,15,296,5.07%,4.97
email otp generate,15,252,5.95%,4.75
temporary gmail account with inbox,15,240,6.25%,9.2
create temp gmail,15,185,8.11%,10.9
temp mail indian,15,174,8.62%,5.72
temp gmail for otp,15,173,8.67%,6.12
old temp mail inbox,15,171,8.77%,13.47
email generator and password,15,159,9.43%,5.82
temp email pro,15,144,10.42%,10.32
love temp mail,15,117,12.82%,5.52
qr a url,15,113,13.27%,6.06
how to get the link from a qr code,15,105,14.29%,1.96
temp mail for facebook verification,15,94,15.96%,5.96
create url from qr code,15,93,16.13%,1.09
temp mail id password,15,89,16.85%,3.33
fake emails and password,15,80,18.75%,4.72
temp mail for verification code,15,64,23.44%,2.69
transfer qr code to link,15,52,28.85%,1.08
copy url from qr code,15,50,30%,1.44
how to convert qr code to url,15,49,30.61%,1.2
temp mail + password,15,41,36.59%,2.56
online qr code reader,14,1833,0.76%,10.46
10minmail,14,1516,0.92%,8.94
tempmai,14,1465,0.96%,8.96
online to do list,14,1203,1.16%,20.05
qr code image scanner,14,805,1.74%,7.01
free qr code scanner online,14,726,1.93%,7.9
google temp mail,14,582,2.41%,11.54
tepmail,14,563,2.49%,10.15
temp edu email,14,481,2.91%,12.15
temp mail google,14,464,3.02%,12.25
temp mail service,14,449,3.12%,11.15
temp mail account,14,448,3.12%,6.97
gmail tempmail,14,440,3.18%,12.05
discord temp mail,14,404,3.47%,7.51
temp gmail address,14,245,5.71%,15.8
gmail otp free,14,214,6.54%,6.57
fake gmail for otp,14,193,7.25%,7.74
tempmail india,14,163,8.59%,6.45
gmail generator with inbox free,14,157,8.92%,11
eid mubarak wishes link,14,137,10.22%,5.33
temp mail inbox free,14,134,10.45%,6.62
qr picture to link,14,119,11.76%,3.29
temp gmail otp,14,117,11.97%,5.28
best temp mail 2026,14,113,12.39%,6.28
free mail id with password,14,107,13.08%,3.8
temp mail 2026 free,14,107,13.08%,7.66
temporary email generator with code,14,104,13.46%,4.3
temp google account and password,14,92,15.22%,5.26
qr ke link,14,87,16.09%,5.4
temp mail for replit,14,82,17.07%,7.18
temporary email account with password,14,79,17.72%,3.87
temporary email password free,14,70,20%,3.1
convertir un qr en link,14,67,20.9%,3
get url from qr code online,14,65,21.54%,2.34
temporary mail and password generator,14,61,22.95%,3.56
burner gmail with password,14,58,24.14%,4.64
link converter,13,3889,0.33%,8.42
10min mail,13,1833,0.71%,8.78
qr code reader from image,13,1589,0.82%,12.71
image cropper,13,1426,0.91%,34.79
scanner qr code online,13,1308,0.99%,9.45
image qr code scanner,13,991,1.31%,7.02
team mail,13,904,1.44%,9.09
tempmsil,13,873,1.49%,8.73
qr image scanner,13,767,1.69%,6.85
twmp mail,13,740,1.76%,9.1
temp mail for twitter,13,590,2.2%,7.64
online qr code scanner free,13,584,2.23%,6.96
fake temp mail,13,563,2.31%,12.57
nice temp mail,13,474,2.74%,6.33
disposable email generator,13,466,2.79%,14.93
temp email for discord,13,465,2.8%,7.6
temporary email free,13,423,3.07%,10.33
qr code to image,13,261,4.98%,7.86
tempmail.com,13,224,5.8%,25.09
temporary email generator with verification,13,214,6.07%,6.09
temporary gmail address,13,209,6.22%,15.28
free temporary gmail,13,183,7.1%,9.54
temp gmail free,13,181,7.18%,9.39
temporary email generator ai,13,160,8.12%,7.37
10 minute email with password,13,159,8.18%,5.31
temp mail app,13,156,8.33%,25.96
qr to code converter,13,114,11.4%,3.46
scan qr code to link,13,106,12.26%,3.32
gmail otp verification,13,100,13%,7.99
pasar qr a link,13,97,13.4%,3.86
fake gmail id password,13,96,13.54%,6.96
temporary email and code,13,93,13.98%,3.98
how to convert a qr code to a link,13,82,15.85%,1.48
temp mail with sms,13,76,17.11%,4.67
free mail and password,13,72,18.06%,5.19
10 minute mail and password,13,72,18.06%,6.07
temporary email id and password free,13,70,18.57%,3.36
temp email id password,13,63,20.63%,3.78
free email with password generator,13,57,22.81%,5.21
fake gmail account password,13,56,23.21%,6.57
online email otp verification,13,53,24.53%,3.72
transformar qr a link,13,32,40.62%,1.81
online text editor,12,1617,0.74%,26.24
tempma,12,1582,0.76%,8.43
tempail,12,684,1.75%,22.4
temp msil,12,588,2.04%,9.33
10minutemail gmail,12,554,2.17%,10.54
temp mail sender,12,536,2.24%,10.66
tempmail.,12,486,2.47%,12.4
js obfuscator online,12,326,3.68%,8.11
email code receiver,12,310,3.87%,6.88
temp mail send email,12,294,4.08%,9.54
temp email sender,12,277,4.33%,9.03
temp mail edu,12,275,4.36%,16.46
email generator - temp mail,12,253,4.74%,10.06
quick temp mail,12,227,5.29%,8.61
otp mail,12,225,5.33%,9.89
generate temp mail,12,223,5.38%,7.81
eid card maker,12,214,5.61%,8.39
temporary outlook email,12,209,5.74%,9.95
temporary mail gmail,12,200,6%,14.63
temp mail use,12,197,6.09%,7.36
fake mail recover,12,195,6.15%,9.55
html code ai editor,12,177,6.78%,4.93
fake email and pass,12,157,7.64%,5.52
free email account with password,12,145,8.28%,9.59
gmail generator with password,12,129,9.3%,10.94
qr code picture to link,12,125,9.6%,3.43
temporary gmail with password free,12,118,10.17%,8.48
eid mubarak wishes link with name,12,117,10.26%,5.59
fake gmail with otp,12,112,10.71%,6.83
free mail for otp,12,109,11.01%,3.32
temp email india,12,102,11.76%,6.34
qr scanner to link,12,89,13.48%,4.88
fake gmail and pass,12,85,14.12%,6.09
extract qr code link,12,82,14.63%,2.94
one time use email and password,12,78,15.38%,3.23
generate temporary email and password,12,78,15.38%,3.51
qr code naar link,12,73,16.44%,4.63
email free otp,12,70,17.14%,3.51
free email and otp,12,69,17.39%,2.91
temporary emails and passwords,12,59,20.34%,3.07
random email generator with password free,12,57,21.05%,4
fack email and password,12,55,21.82%,4.76
temporary email generator and password,12,53,22.64%,3.17
temp mail otp free,12,50,24%,3.12
free gmail for facebook,12,48,25%,3.96
dummy email address and password,12,38,31.58%,4.76
dummy email and password for login,12,36,33.33%,3.89
email and password temp,12,34,35.29%,2.62
uitly.com - free qr code generator,11,210092,0.01%,8.4
qr code extractor,11,1224,0.9%,7.6
mail generator,11,1147,0.96%,17.56
qr code scan online,11,1076,1.02%,9.5
eid ul fitr 2026 cards,11,1000,1.1%,5.59
online scanner qr,11,890,1.24%,9
ninja temp mail,11,847,1.3%,9
temp generator,11,585,1.88%,6.58
eid mubarak cards 2026,11,550,2%,9
geçici mail,11,548,2.01%,13.1
temp google account,11,538,2.04%,9.74
email generator with inbox,11,526,2.09%,19.08
one time mail,11,490,2.24%,16.07
steganography online,11,486,2.26%,7.26
temprorary email,11,417,2.64%,5.94
temp maik,11,400,2.75%,9.51
temp mail net,11,263,4.18%,22.62
fake gmail temp,11,256,4.3%,7.38
my temp email,11,240,4.58%,14.77
fake email temp,11,234,4.7%,9.93
e temp mail,11,214,5.14%,21.94
best 10 minute mail,11,197,5.58%,7.74
temp gmail generator with inbox,11,176,6.25%,9.52
best temp mail for facebook android,11,165,6.67%,6.28
gmail.com temp mail,11,152,7.24%,10.87
dollicons email login,11,148,7.43%,4.26
temp gmail with inbox,11,133,8.27%,10.47
mailfree,11,132,8.33%,21.83
temporary email for otp verification,11,118,9.32%,3.53
temporary email with code,11,116,9.48%,3.32
link from qr code image,11,101,10.89%,3.75
temporary email for facebook registration,11,100,11%,5.79
temporary gmail free,11,92,11.96%,7.76
temporary gmail email with password,11,86,12.79%,7.17
eid mubarak link,11,84,13.1%,6.49
temporary mail otp,11,80,13.75%,3.67
temp instagram id password,11,80,13.75%,7.8
temp email and password generator,11,78,14.1%,3.91
temp mail login gmail password,11,78,14.1%,5.64
gmail temp mail free,11,77,14.29%,8.73
unlimited email otp,11,73,15.07%,3.73
free otp email,11,71,15.49%,3.37
como convertir un qr en link,11,67,16.42%,2.79
temp mail generator with password,11,66,16.67%,3.17
create temporary email and password,11,65,16.92%,3.35
temporary email password generator,11,64,17.19%,3.81
fake gmail account and password,11,64,17.19%,7.06
how to extract url from qr code,11,63,17.46%,1.71
gmail temporary email with password,11,62,17.74%,6.47
temporary google email and password,11,61,18.03%,6.75
temporary email with password gmail,11,56,19.64%,4.82
reveal hidden text in photo online free,11,55,20%,2.95
email password temporary,11,55,20%,3.13
temp mail with verification,11,51,21.57%,3.51
temp mail gmail password,11,50,22%,4.72
link extractor from qr code,11,49,22.45%,2.33
email id and password free,11,46,23.91%,6.98
temp google email with password,11,43,25.58%,4.86
temp mail with passwords,11,41,26.83%,3.17
gmail temporary with password,11,31,35.48%,4.1
get website from qr code image,11,28,39.29%,1.75
pull link from qr code,11,23,47.83%,1.78
get a link from qr code,11,21,52.38%,1.05
link to qr,10,5430,0.18%,10.97
url to qr code,10,4794,0.21%,25.32
qr code reader online,10,3299,0.3%,13.11
10min email,10,1368,0.73%,8.38
tampmail,10,1312,0.76%,10.24
eid ul fitr 2026 card,10,1220,0.82%,3.47
temomail,10,932,1.07%,8.62
instant email,10,839,1.19%,16.31
tenporary email,10,810,1.23%,5.78
free online qr code scanner,10,713,1.4%,7.55
trmp mail,10,697,1.43%,9.21
tem email,10,693,1.44%,9.34
qr code scanner free online,10,604,1.66%,7.65
svg compressor,10,585,1.71%,11.85
temporary ema,10,550,1.82%,5.73
fake email temporal,10,524,1.91%,8.89
temparary email,10,464,2.16%,6.06
edu temp mail,10,410,2.44%,12.55
tempo email,10,409,2.44%,8.88
temporary emil,10,402,2.49%,6.06
twmporary email,10,366,2.73%,6.02
temp mail;,10,352,2.84%,15.24
temp mail provider,10,310,3.23%,6.92
temp mail for facebook android,10,259,3.86%,4.64
tempmail for discord,10,253,3.95%,7.51
fake mail ninja,10,238,4.2%,9.03
temp mail sms,10,226,4.42%,4.96
temp. mail,10,224,4.46%,8.77
sharebot.net,10,213,4.69%,4.23
india temp mail,10,194,5.15%,7.03
online temp mail,10,194,5.15%,10.24
generator temp mail,10,185,5.41%,9.36
mailverified: temporary email,10,174,5.75%,16.5
temporary gmail id and password,10,172,5.81%,7.85
tempmail password,10,168,5.95%,4.41
temp mail for instagram account,10,165,6.06%,6.2
temp email for grok,10,163,6.13%,8.37
temporary email for verification code,10,157,6.37%,4.67
temp mail recover,10,151,6.62%,10.04
free eid cards 2026,10,150,6.67%,5.59
@gmail.com temp mail,10,150,6.67%,9.76
temp mail ninja photos,10,149,6.71%,6.46
my temp mail gmail,10,138,7.25%,8.93
temporary gmail for verification,10,136,7.35%,6.85
temporary gmail password,10,120,8.33%,6.72
fake gmail id and password,10,115,8.7%,8.11
temporary mail for facebook,10,112,8.93%,6.63
claude temp mail,10,108,9.26%,4.1
paste qr code to get link,10,102,9.8%,3.76
fake emails with passwords,10,97,10.31%,5.27
email and password generator free,10,90,11.11%,7.87
temp email bypass,10,89,11.24%,4.61
fake emails and passwords,10,88,11.36%,6.43
free mail otp,10,85,11.76%,3.15
html code editor ai,10,75,13.33%,5.01
temporary email 2026,10,74,13.51%,7.3
temporary google email with password,10,71,14.08%,6.31
temp email that bypasses filters,10,70,14.29%,3.4
mail and password,10,66,15.15%,6.45
temporary gmail otp,10,61,16.39%,4.1
temp gmail create,10,60,16.67%,9.32
free temp email and password,10,58,17.24%,2.97
extract url from qr,10,57,17.54%,1.89
temp email address with password,10,54,18.52%,3.43
eid mubarak edit name online free,10,50,20%,5.82
temp mail gmail and password,10,48,20.83%,5.92
i need temporary email and password,10,37,27.03%,2.92
fake mail id with password,10,37,27.03%,5.16
convert qrcode to link,10,34,29.41%,1.03
gmail with password temp,10,33,30.3%,5
qr image to link converter,10,27,37.04%,1.07
temp mail google with password,10,27,37.04%,4.3
تبدیل qr code به لینک,10,23,43.48%,2.65
convertir qr a url,10,20,50%,1.3
fakemail net,10,12,83.33%,11.33
upload qr code,9,1830,0.49%,8.02
random email generator,9,1268,0.71%,23.88
minutemail,9,1167,0.77%,6.94
qr code decoder,9,1152,0.78%,18.02
stopwatch online,9,1061,0.85%,21.2
quick email,9,1044,0.86%,10.56
fake mail pro,9,966,0.93%,8.46
free qr scanner,9,798,1.13%,14.11
online scan qr code,9,785,1.15%,8.79
ai compiler,9,623,1.44%,15.51
temp mailbox,9,602,1.5%,15.66
generate temporary email,9,548,1.64%,9.45
online html editor with preview,9,522,1.72%,11.35
temp mail temporary email,9,512,1.76%,10.97
eid mubarak 2026 cards,9,488,1.84%,8.65
temp nail,9,486,1.85%,9.37
tempo mail,9,470,1.91%,8.83
free temporary email address,9,449,2%,8.86
temp makl,9,428,2.1%,8.36
temporsry email,9,405,2.22%,5.62
sqlite editor online,9,398,2.26%,11.69
temporary email.,9,358,2.51%,6.27
vanish mail,9,355,2.54%,8.19
eid ul fitr card 2026,9,351,2.56%,8.41
temporary wmail,9,349,2.58%,5.55
tempmail generator,9,337,2.67%,8.77
free mail temp,9,336,2.68%,8.81
tamp mall,9,322,2.8%,10.58
temporaru email,9,263,3.42%,6.01
temp mail so,9,257,3.5%,15.55
temp mail generate,9,236,3.81%,6.79
tempsmail,9,232,3.88%,13.29
tempmail 100 - privacy email,9,203,4.43%,9.1
gmail generator temp,9,194,4.64%,11.27
temp mail for x,9,190,4.74%,7.1
upload qr code to link,9,180,5%,4.32
create eid mubarak cards with name,9,174,5.17%,6.39
gmail temporary,9,166,5.42%,23.49
old temp mail,9,164,5.49%,9.75
free-temp-mail,9,160,5.62%,7.02
email generator with code,9,155,5.81%,5.85
free emails and passwords,9,149,6.04%,9.01
temp mail for fb,9,146,6.16%,8.18
temp mail site,9,145,6.21%,12.23
temp-mail.,9,141,6.38%,13.21
gmail temp generator,9,135,6.67%,10.08
eid wishes card 2026,9,121,7.44%,5.48
working temp mail,9,114,7.89%,11.53
latest temp mail,9,109,8.26%,2.64
otp gmail free,9,107,8.41%,7.07
تحويل qr الى رابط,9,99,9.09%,5.19
بريد إلكتروني مؤقت مع كلمة السر,9,98,9.18%,8.18
email generator with otp,9,88,10.23%,3.77
otp gmail,9,88,10.23%,7.41
fake mail and pass,9,76,11.84%,4.17
one time mail and password,9,75,12%,3.64
temp mail original,9,75,12%,9.01
html editor with ai,9,74,12.16%,3.46
temporary email gmail with password,9,73,12.33%,5.74
eid mubarak card maker with name,9,70,12.86%,6.99
how to get temporary email and password,9,69,13.04%,3.28
free temporary gmail account with password and email,9,69,13.04%,6.19
obfuscator css,9,66,13.64%,3.68
fake mail for facebook,9,66,13.64%,6.24
temporary mail id password,9,64,14.06%,3.73
how to get url from qr code image,9,57,15.79%,2.02
upload qr code image to extract url,9,51,17.65%,2.37
temporary gmail.com,9,51,17.65%,14.55
ten minute mail with password,9,50,18%,5.2
temp email 2026,9,50,18%,6.32
como converter qr code em link,9,48,18.75%,2.38
temp gmail for instagram,9,48,18.75%,5.35
virgilian temp mail,9,45,20%,2.76
temp mail inbox check,9,44,20.45%,22.45
new temp mail for fb verification,9,42,21.43%,8.71
qr code link grabber,9,39,23.08%,1.62
get link from qr code online,9,37,24.32%,2.19
qrcode image to link,9,36,25%,1.75
how to convert qr to link,9,31,29.03%,1.32
best temp mail with password free,9,31,29.03%,1.71
convert qr code to link online free,9,22,40.91%,1
toolpix ai html editor,9,20,45%,2
qr code to linl,9,10,90%,1.5
tempmail toolpix,9,9,100%,1
10 min email,8,1317,0.61%,7.89
qr code to text,8,1258,0.64%,9.06
generate email,8,1093,0.73%,13.45
burner gmail,8,896,0.89%,9.67
free favicon generator,8,793,1.01%,11.38
free favicon,8,718,1.11%,14.04
qr scanner from image,8,700,1.14%,9.44
tempt mail,8,646,1.24%,9.14
airsworld,8,611,1.31%,6.85
10 minute gmail,8,508,1.57%,8.44